Symbol,baseMean,log2FoldChange,padj
Patr-1,330.9855054183158,-2.64176100732065,7.465752798840784e-68
CG11155,248.98891512541496,-3.687398155992074,5.264175126998234e-61
PlexB,324.0417839191251,-2.4330623040469423,1.7424465288707005e-60
CG8108,695.091406588718,-1.7466504035763095,7.84046603680193e-55
CG32091,524.7751728915491,-1.8749856119735195,1.5032458990875817e-52
CG7470,202.17556489587386,-2.823408597348011,2.401037527427932e-49
Wsck,276.50117916130483,-2.2817086012859664,2.014753163884635e-45
Cyp6a9,125.98313460350339,-3.873337166853757,2.3885765187190214e-42
CG13375,134.4148078383389,-5.529366342912129,4.0064811524969166e-42
PCB,272.3388800304228,-2.052075615268839,1.5271061768928705e-41
CG18135,345.67043057054104,-1.87424316118564,2.0395686845230347e-39
CG32521,358.0612106816136,-1.7085474396226665,4.392854726761692e-37
CG9005,342.75602741020293,-1.777902434293597,1.7432778807023196e-36
sick,301.0006319397445,-2.108782437728109,2.8056047554471542e-36
Tmhs,235.92304123921895,-2.1289581622589435,1.2261125916279652e-35
sol,504.4212565235867,-1.5792259207314565,4.761879478782787e-34
CG7992,155.18351597480265,-2.4980842537252563,3.8992732373718054e-33
boi,709.1596129369691,-1.342374932563782,1.4648879886014122e-31
GILT1,128.35218109989188,-2.63977374201674,5.037438923709482e-31
pyd3,85.18804213944584,-4.752421738810569,6.610005181097794e-31
Exn,506.78623445923256,-1.8331180446847173,2.1737243258837922e-30
stx,741.124127361385,-1.276692675378716,2.77028359941555e-30
Tob,203.27673330042933,-1.9395370679311124,1.1040968522206218e-29
Rbfox1,721.0355015799622,-1.583003468703911,1.4200943821906332e-29
Tina-1,203.6119716718788,-1.856238206349522,5.97166069142503e-29
CG2201,406.88815509154693,-1.6170215781545552,7.232253515367847e-29
Dab,217.66882287203012,-1.9086711407539219,1.9937679941058053e-28
CG34347,811.6371617253118,-1.3553882962332167,3.2498915353598043e-28
l(1)G0193,317.19136325851946,-1.8510456411878329,1.719469600616307e-27
Kank,368.709937401153,-1.400049713098963,5.81699727268673e-27
sdk,498.56794989692247,-1.394480174928535,6.391561616333585e-27
mnd,125.97979909339297,-2.3748295786158695,1.1991117791774111e-26
CG7530,264.2462507923645,-1.6012428690092506,1.9084453861972098e-26
CG11068,109.11268024462608,-2.852372000609257,3.21229014529208e-26
CG12099,371.9523845510204,-1.4061913946785112,3.3077397012049844e-26
CG31248,91.93342705575274,-2.8307604307136205,3.515024068199757e-26
btsz,641.5052979826164,-1.34458658613093,1.1382786128004896e-25
sens-2,217.77784954050773,-1.8538928897971074,4.0860992505797605e-25
Ret,106.70048655979338,-2.4708779177866496,4.542417380155806e-25
pon,193.35888256520772,-1.7358165403684902,1.0475238121667974e-24
CG17716,89.27108845809185,-2.9247861594533444,4.314315449773203e-24
CG17855,206.8107124499011,-1.6107851753755478,1.6876800644488584e-23
GABA-B-R2,72.2545129487709,-3.136687676499625,2.0383337718255242e-23
CG3902,302.3374470152313,-1.5910296599658966,2.336986620931659e-23
Argk,188.14695205472663,-1.7579490838560015,6.088488173068526e-23
DOR,709.8296978254078,-1.0662886575868524,1.5422582929861845e-22
vri,1209.551332483945,-1.0842180605247365,1.563676483548896e-22
CG34401,1935.0132891876053,-1.2867951153094783,2.163553753143166e-22
CG13124,221.80654691683395,-1.734556024536416,2.3104960842147197e-22
CG9021,208.43014264722927,-1.6999061756578144,3.9381355041725126e-22
alpha-Est5,96.88534901398718,-2.4776794133261673,5.740201523438033e-22
CG11241,157.5004388310743,-1.761617742672867,7.695725303391004e-22
CG6966,314.7369205469986,-1.3182132808987046,2.068653042378073e-21
CG31955,62.333894984637205,-3.252773570105267,2.7672270094513023e-21
CG15309,276.7896639447038,-1.4171375123486276,3.506508395970798e-21
mld,321.0415711671945,-1.4236303551476126,3.548466281490235e-21
CG1673,96.63245275685429,-2.3915747232695503,4.498988711111988e-21
Chd1,697.2753262051115,-1.0617409270950315,7.207544170707041e-21
Paics,244.49794220997123,-1.4294941871127407,8.412680583470228e-21
gukh,134.5760344044748,-1.831209029993661,1.2945327959764685e-20
glec,167.39364073137716,-1.9703538533928815,4.2429494601933556e-20
olf186-M,159.8214954035746,-1.7981338509229734,4.609896618191608e-20
CG30287,52.139677621600114,-3.547187189238141,1.6369574550689047e-19
CG8306,112.46265533193325,-1.951667486763158,2.532425543473755e-19
CG33226,49.69060860876404,-3.8442711015151256,3.937843828245676e-19
GstT3,106.16047455332928,-2.1409154519144353,3.937843828245676e-19
Reg-5,75.80500696968598,-2.57236088400724,4.938240463225656e-19
Nrx-IV,367.95015437018304,-1.1534049797416215,6.2746846957530255e-19
E23,546.7231947749926,-1.1888783991182839,6.411712033302938e-19
Cyp9f2,89.8199031972718,-2.3036358150026985,6.852434589232271e-19
Cont,410.7113650440209,-1.2059456409339968,7.645364644417581e-19
CG6310,57.68849558306129,-3.0832093055517977,7.7698631006338135e-19
CG15629,109.03346392921208,-1.9260487545670955,9.26483932380194e-19
CG43867,167.88798107515174,-1.7123291229887847,1.180977673341883e-18
CG13907,360.58916269937015,-1.2032633573733424,1.6137894808485853e-18
Hnf4,405.0303521365089,-1.2347714761876714,1.7853851965929138e-18
del,235.0757615153927,-1.5421348495755327,2.04987968236641e-18
Parp,928.5112620519549,-1.0523713718284917,6.1864384964772355e-18
Eip55E,290.8708748071837,-1.2764315459263567,6.609223765981197e-18
Cyp6v1,75.90224134094188,-2.4442926376815683,6.609223765981197e-18
CG4297,375.8513120432993,-1.3418405627768089,7.411211281406769e-18
Mmp1,380.14502852501664,-1.3012329622490804,1.0988064452641756e-17
Tep2,1474.4145920753374,-1.0043398843154372,1.3805321460265085e-17
CG30345,428.18518601042496,-1.1305341448082393,2.256629982932535e-17
CG30283,72.79202630765029,-2.3383158795568564,2.3917384690969175e-17
Ten-m,504.6343056306519,-1.3941145634607257,3.26166056025084e-17
Adgf-A,257.34355760840106,-1.232438462390374,6.870491399692591e-17
Nhe2,432.4624740937087,-1.0945178166639198,7.127751482978465e-17
CG6287,64.3517201582084,-2.630037818274131,9.25280530929109e-17
CG5254,47.607899420847865,-3.658024863174467,1.02282194632703e-16
Atet,91.80496333085914,-2.0142480354593864,1.4841134478476747e-16
CG9527,193.74406139005015,-1.3859553059154883,1.6199295965088858e-16
Myo28B1,622.0324400378246,-1.2341069956594624,1.6473134870935966e-16
CG10512,156.1580277833065,-1.6554742314915423,1.7729697385035913e-16
CG30089,68.67229874838935,-2.663468903814875,2.5405020739941044e-16
mv,303.72308602667385,-1.137152211150202,2.6618416236972673e-16
CG33099,106.60909266841763,-1.8783658814576032,3.6819101205275604e-16
CG8066,67.90129209859333,-2.4757474489940945,4.10184571300574e-16
CG15611,334.9834500612282,-1.3699708240612047,4.152535066936304e-16
Dscam1,3826.6277439471205,-1.0145089801270932,5.931990232248838e-16
Vha100-2,461.1191041708764,-1.013173429853015,7.199002311970125e-16
CG30049,112.49995614664462,-1.8767560469780784,7.640222427027104e-16
Slip1,316.50503027263926,-1.1066351474807743,1.4395769195391825e-15
Samuel,513.4520207772918,-1.042974561270525,1.8104571126133084e-15
rau,238.8253477070138,-1.3897405011038204,2.8924805575263045e-15
CG18635,91.36121130437567,-1.993582359661393,5.322853745550581e-15
Flo1,212.9377304986635,-1.2854801296477258,5.4175145337115715e-15
CG1146,380.4181547241873,-1.3433441091140632,6.115741103525944e-15
mlt,414.1461681598747,-1.0368941237484819,6.562236846691326e-15
Mcr,266.9795813175181,-1.2316230192179005,8.752971598859639e-15
CaMKI,554.5408405355855,-1.0808390953385403,9.11433040038071e-15
fru,1042.3659174059567,-1.1297740320719125,1.0133786056219458e-14
CG31431,65.82246759190278,-2.2105978307374445,1.5578785219593496e-14
D2hgdh,152.46721058109776,-1.3963220159262113,2.3265658604625133e-14
Acox57D-d,66.9367307881935,-2.2147786675328716,2.3983950672388623e-14
CG11453,56.10931022191036,-2.4911206938595485,2.476264355748359e-14
CalpA,121.92651168388657,-1.5440617504444993,2.6794049314937474e-14
CG32407,40.950009957328945,-3.3183979131797625,4.041257193005268e-14
Kul,53.47724480606033,-2.4968766319639464,6.397536905955232e-14
CG44085,1160.2306733373714,-2.414080268608991,7.732942318844923e-14
cue,337.1154154200824,-1.0263884718040481,8.900673455505166e-14
Gdh,163.41056014609123,-1.6523433399466179,1.4771438585463718e-13
CG33217,266.071005571522,-1.1922710709163662,1.8226363604405822e-13
Sik3,220.623026135582,-1.2563758875072653,1.9826699186401675e-13
bru2,598.2809826086389,-1.0204768486647533,2.305151591387889e-13
CG3277,327.84550863527147,-1.0381348994488242,2.404532310653317e-13
CG6770,318.52810882097305,-1.0037684001472171,2.7878567945644367e-13
Drat,353.98596321139036,-1.0143376318531934,3.8056345452828643e-13
CG32115,224.33134079428743,-1.1438128721103644,4.2487734397973294e-13
CG2767,162.34611488209907,-1.339051689528305,4.256915774414308e-13
Set2,409.6302614884781,-1.0069574470069667,4.4556342403985104e-13
CG7458,40.01204479206744,-2.8693257242627275,5.095860862295848e-13
Pgk,276.46219168602534,-1.0518882304799213,5.142872032738741e-13
CG32264,1029.6836954254982,-1.127340251342321,5.836782300803228e-13
CG9384,254.96888917548284,-1.1246109516239637,9.478986614856305e-13
snz,307.6812870985236,-1.0063083308453526,1.1629681748021827e-12
Cubn,133.22286893840865,-1.4018424740728097,1.306003126871104e-12
CG3679,160.4271348445865,-1.3532163224285585,2.0489630846848842e-12
CG32547,98.57644008462148,-1.8289387947975946,2.094903594419891e-12
betaGlu,110.21946105656245,-1.5207379156607232,2.1817400120458806e-12
CG15725,83.06990266645916,-1.8306594171310169,2.184885347427897e-12
Strica,105.551578420923,-1.5988868734145512,2.2937190498916857e-12
Glos,126.16794687815572,-1.4871181645432312,2.967183571195015e-12
CG43078,131.2363690761863,-1.5334030012486153,3.180397072339815e-12
CG5455,158.97654086933468,-1.2771617846671235,3.338005985557323e-12
CG4325,60.589431859278385,-2.127665932668617,3.4493382115150065e-12
CG6084,176.9660506664266,-1.19329099080493,3.593512556690226e-12
Sccpdh2,155.17338403919814,-1.291858863943381,5.3707939365137146e-12
CG10960,293.9063201976404,-1.1977774130859111,8.003702485019129e-12
tara,471.41954371581517,-1.0420087325626102,8.121404445143622e-12
CG32772,197.59359414363394,-1.1438858613652625,8.886570574940578e-12
Rsf1,228.1491889063914,-1.1479589868772033,9.284304037958157e-12
tna,170.46831181765245,-1.4951576297578646,1.1907710974018988e-11
Pgm1,170.69854603727384,-1.1936799060454957,1.4043051018153517e-11
Asator,199.399106568684,-1.1301263925514147,2.2344721642683097e-11
Tektin-C,39.99385492828199,-6.222312604433256,3.413136626959627e-11
cbt,725.8668241835672,-1.0030517111921007,3.630173621842487e-11
Cyp9f3,70.90076858551723,-1.761720574655639,3.8320038965847464e-11
Pglym78,169.84758954784598,-1.21768921687621,4.2222766241418986e-11
CARPB,43.288700018499156,-2.3557614360146686,4.698189340337325e-11
cyc,243.61751859212762,-1.0108951224697797,8.511534394680781e-11
CG1648,381.2951847111614,-1.0901427985822856,1.0279449357200601e-10
Sclp,40.66343512975211,-2.713719020229975,1.0376439403021021e-10
CG16721,114.50709225153001,-1.3935486147182532,1.1020627846390674e-10
brk,128.75238833624223,-1.4499285773824602,1.4278125821775482e-10
CG9399,70.12590502823289,-1.798591408075762,2.1045909157297303e-10
CycB3,101.16856849059683,-1.423006197243368,2.270914648539524e-10
CHKov2,41.850516199053196,-2.288256127789293,2.3258259664798278e-10
Clk,282.4052917020454,-1.0535129765580946,2.560071670669538e-10
Culd,142.1913894648267,-1.2786616339961108,3.118265046308777e-10
Glyat,30.232135632812255,-3.150915994580673,3.7743917464061844e-10
CG12643,50.425434507259894,-2.195392679072582,4.156328931682529e-10
CG15385,28.80534441004244,-3.0577619456120457,5.035290894596295e-10
CG17486,195.60476621905957,-1.0826249438523858,5.121498296853575e-10
CG8908,122.42335179571613,-1.315475756385717,5.61991905792715e-10
mthl5,104.9907054687256,-1.489223418540324,6.892092675050439e-10
CG11125,57.71358591921895,-1.80997094826822,8.612418669599944e-10
glob1,108.25759559468656,-1.3138617015452798,8.843973841467978e-10
Sfxn2,69.47389670524652,-1.6858522560137081,8.843973841467978e-10
ph-d,214.1678334746337,-1.0892379734208366,8.843973841467978e-10
Lnk,216.0246963336971,-1.0045005022371118,1.0679138690025823e-9
dnt,151.7372964188595,-1.1181073271256248,1.2031744128117417e-9
CG30183,214.6723199796981,-1.0817461163394717,1.2879803200455904e-9
lectin-46Ca,32.884266509734154,-2.7538481676069964,1.454735435656262e-9
CG31793,86.33603348746134,-1.5088596729943486,1.6184891894758741e-9
brwl,195.91598847442498,-1.0352397206291657,2.419945690811632e-9
CG7362,73.62613650165007,-1.708784662666345,2.734943392883009e-9
Gip,114.31016554932629,-1.267186651030396,2.7475825052632263e-9
Bmcp,162.79722901309088,-1.0979174498406774,2.7894891887595446e-9
CG14408,174.4063286729144,-1.073097259006668,2.8515447962751752e-9
Mpc1,109.66371061600682,-1.2504053992901196,3.1641105294153978e-9
CG1427,104.28012082685815,-1.3404876718598357,3.897778218135182e-9
CG13516,47.038916685084786,-1.92069858243698,5.714391473123224e-9
CG6527,48.89595775786414,-1.9602475449218935,6.070704265328205e-9
Sps2,176.57258678115883,-1.0084671774340894,6.182018400390007e-9
CG42342,125.81850303007549,-1.1903183251948806,6.928509057960436e-9
mtDNA-helicase,87.02822230592768,-1.3654069047225246,7.484326537788023e-9
CG5646,22.433564333245297,-3.5097576996766375,7.756765934151496e-9
CG14253,120.69488876456556,-1.4575903853448213,9.026085704873298e-9
Ptth,21.109109702291367,-4.516233441427093,1.0504738774348176e-8
Gel,112.65771173105207,-1.1939007672067121,1.253257631623868e-8
mth,121.02221598535542,-1.2107318584432047,1.4416134562043729e-8
CG9121,20.78834491005318,-3.78447712583174,1.4481085339873642e-8
IKKbeta,229.26751833276552,-1.0271656104574467,1.5686912787982166e-8
CG1246,61.118339796691686,-1.6382840113755293,1.6422471620997587e-8
CG7231,61.96110204541008,-1.64915160012614,1.860730863931642e-8
CG32181,40.657541577198565,-1.988156836382345,2.3368642126879984e-8
prd1,154.55511711345488,-1.0353958510265568,2.3651004402529346e-8
CG8301,22.051412592848287,-3.3383200985268466,2.5071644595670597e-8
alpha-Est1,24.302989741786448,-3.0330004431264346,2.8119779384561867e-8
CG10804,160.558713696664,-1.0311088413346055,2.95575382262717e-8
CG41520,35.49066603952379,-2.2119712484535774,3.533360455771507e-8
CG43446,30.64347553373588,-2.4918004255192203,3.683357928305023e-8
hid,128.7405231647504,-1.3618818768223828,5.7338794671008994e-8
AhcyL2,45.411090705544574,-1.8498439272801193,7.155496620431061e-8
Gyg,73.64993084530076,-1.4302873757919121,7.604493170318754e-8
EndoU,19.063913250933524,-3.836461424008631,7.991206068884456e-8
CG17834,55.385359540129535,-1.6569906466643518,9.339860028313494e-8
CG8008,99.01517166278417,-1.1895280722048036,1.0653757732123101e-7
CG11318,180.12093425717742,-1.1252641824384957,1.1035318624298652e-7
Amph,86.43069312509309,-1.31411664845975,1.1304508688458174e-7
Den1,102.59205007774405,-1.2678290970966908,1.1359006061641097e-07
aay,36.852693619622336,-2.014153524518635,1.1431734318734356e-7
Tsf2,119.75113518671543,-1.129068972722665,1.1447623442571283e-7
Marc,36.477986691999895,-1.9966055564360052,1.2345518677106262e-7
Nna1,119.59949242507875,-1.1103662845373083,1.281762027840281e-7
CG10208,33.58858927268326,-2.1296753646175146,1.2918225856260665e-7
Cyp6w1,33.232208726918394,-2.3952451207985903,1.409895227923042e-7
DIP-alpha,1368.9898872727656,-1.689521769153021,1.4554931160436885e-7
nonA-l,124.75010486121523,-1.0860361462728372,1.6802891299267746e-7
sinu,71.4958630548594,-1.3879845871827237,2.001142612222252e-7
fuss,19.709248063284793,-3.198230440827988,2.0187239410316781e-7
Ugt304A1,103.98572090694206,-1.1354990800493072,2.3131973805598624e-7
CG42784,77.67800974193965,-1.67471022616044,2.81392576573712e-7
CG34198,133.2578546144548,-1.091928809120718,2.955276922681634e-7
CG6800,21.51682615242634,-2.908700704726807,3.404954979673488e-7
CG14868,33.77231509762298,-2.0578956928106633,3.8008912289218743e-7
pck,75.15839812650121,-1.2934009845548124,4.0455067508232945e-7
AGBE,97.96973562570435,-1.154305508096106,4.6776473751482735e-7
CG30154,43.77928849856605,-1.7806967234378428,5.179205551497093e-7
DAAM,89.30987423958051,-1.3788550617659154,5.212843962618862e-7
CG7110,100.12948939614472,-1.1141890710539128,5.613157025957231e-7
CG10623,70.147504653059,-1.3807178279334624,6.574173701388153e-7
CG4570,32.1385066020771,-2.133024450473149,7.131013420335965e-7
CG13204,46.99763706432954,-1.6429796448780807,7.793894723581641e-7
su(r),46.57198444866783,-1.6241344784426235,7.918434097776058e-7
CG2678,40.700170064083565,-1.7640530879744274,8.938887282678403e-7
CG4752,101.82136618886975,-1.116663616313819,9.998647460442348e-7
CG1275,90.29299472309697,-1.181658067610319,1.0082189398915872e-6
sut1,75.66964981764873,-1.2342669235413877,1.1051032029531554e-6
CG32026,81.76905792782439,-1.22651908059337,1.176108119059064e-6
Ady43A,87.54226797411313,-1.1420589096714915,1.2881646475271168e-6
fbp,30.123513174373862,-2.0017940372503387,1.3896539423034521e-6
CG6656,60.14099695167048,-1.3851612794756452,1.446933390531482e-6
ppk8,71.63090886615481,-1.348131161924146,1.703920346448638e-6
Tsp96F,50.95230348466451,-1.5322555342682205,1.7766675588685765e-6
Pdxk,58.6265071743984,-1.408340436485383,1.8204552887031134e-6
Nep3,68.38358052791416,-1.3059762344488473,1.8353301629006522e-6
w-cup,100.14696156586783,-1.0740312641623062,1.9307431735605543e-6
CG7322,54.644734462124426,-1.5318884788872928,2.000932014497601e-6
Lip4,55.177654110013535,-1.570303853741802,2.0638001928456873e-6
CG11883,108.46550337669586,-1.019135479922603,2.089746419876735e-6
CG6574,42.32965051004518,-1.666622759104111,2.3145810964705262e-6
HDAC11,30.9652298911058,-1.9967471861880315,2.414478410995465e-6
CG11593,112.03191619223105,-1.012540651267493,2.5949095693908123e-6
Galk,80.83333943386396,-1.1565908801720932,4.897649992420203e-6
CG16710,20.543306864629518,-2.5731671190345953,5.483831614346407e-6
CG12502,16.31573133728747,-5.478347415666521,5.5762529103266675e-6
tow,85.38430458525612,-1.0926289134258091,5.911136797665925e-6
CG17982,42.29807212090257,-1.625531881780545,6.175543673202764e-6
CG31467,14.908100667511818,-3.2724166803506485,6.4514532963173815e-6
ced-6,43.99967313236914,-1.5156023364657287,6.8072430024227115e-6
gol,60.34636596879867,-1.335946982306593,8.864362195202931e-6
St3,33.995517676032335,-1.7229984683641455,9.949754909134613e-6
CG31098,48.84241607225709,-1.4403700471936751,1.0327187807922401e-5
Mgstl,35.64538884704873,-1.7268551984503662,1.1441860367584945e-5
CG12883,58.10049681325522,-1.2843705620336818,1.1644480403934997e-5
CG2082,31.024292661591787,-1.841296368507521,1.1694109575562906e-5
udt,64.63525964595577,-1.2370025223773258,1.1739220964110686e-5
CG33958,8.0074027806674,-6.322489036038389,1.1946379485387491e-5
CG31751,45.1042144306996,-1.4669664471599912,1.3401530080816827e-5
CG31213,63.307115323368194,-1.3266320089122254,1.4560895733695696e-5
REPTOR-BP,106.7101940824081,-1.0608930386695374,1.75074325684359e-5
Nxf3,84.82755268798843,-1.068998424746539,1.7561939692506767e-5
CG12744,46.392901716309,-1.404070686356778,1.7929884845282336e-5
Ent3,29.189647010998325,-1.869740669550437,1.8432061096072472e-5
CG10098,62.50798843552432,-1.3117158770561022,2.030306786874406e-5
bowl,25.524614840167068,-1.9864607554164946,2.030306786874406e-5
CG1722,17.356917993169212,-2.480712117184428,2.537125642128291e-5
CG12177,64.09504441903105,-1.1763776481602481,2.6220751917941074e-5
E(spl)mgamma-HLH,59.478208316068766,-1.2355277676978484,2.672174158645707e-5
Cbs,40.593038140067065,-1.6581005801642728,2.8196732522408822e-5
Cks30A,86.10608890902279,-1.0342702991636008,3.26054933933189e-5
CG32112,62.86333779787398,-1.1467154726359199,3.333372869964712e-5
CG14989,61.80911449926648,-1.4903983933121756,3.528639995155709e-5
CG3301,19.781344802493653,-2.224773702910037,3.723683229071418e-5
CG9394,48.34770383474827,-1.305457086106963,4.430237549732473e-5
capu,49.92034826005938,-1.2664443107200178,4.944905498536946e-5
vari,19.828540996027257,-2.1964114324295045,5.053176830935386e-5
Gr61a,14.282791890205887,-2.779316673967254,5.071286877911429e-5
Cyp6a20,14.046748977915776,-2.8337312082634067,6.157617440791585e-5
pug,64.46188255773214,-1.1033339575848788,6.324212262402934e-5
CG4678,57.84426507248796,-1.1862994027579226,6.860513264318276e-5
Rtca,69.88171229878112,-1.0631593102968773,7.039480988700921e-5
CG10472,44.329263133550434,-1.5538008239592287,7.372519575074545e-5
CG7646,25.39179753710565,-1.853250158513722,7.494434883312415e-5
CG10725,11.699102315377893,-5.021999569284422,7.78009766546391e-5
CG2841,82.82564325425983,-1.1884427043545893,7.782104303245508e-5
TBC1D16,37.068582105495615,-1.4919083232443742,7.846733355776967e-5
Reepl1,9.86914807327755,-5.645313508709272,8.05697402670454e-5
Chs2,261.43077397109175,-1.9098002807839605,8.787722230324031e-5
wit,46.337454301442214,-1.3825680075109101,8.907189150542622e-5
l(3)72Dp,32.91277436793077,-1.5483983303738653,8.957584821123215e-5
CG11836,10.977695071636532,-4.858336953744999,1.0330801208032392e-4
CG3597,26.076285183253525,-1.7338718175329615,1.05002818777522e-4
Sugb,55.42444160036012,-1.1628239617349363,1.1106717481252084e-4
CG31076,25.938789187162033,-1.744502771844808,1.1481829672121505e-4
DIP-iota,39.476050543520635,-1.565848847585191,1.1697315358856078e-4
ttm2,32.12780886404658,-1.5566936057476701,1.1705231571214453e-4
CG7966,20.99850301224834,-2.0089989544812554,1.4236649523151769e-4
yellow-d2,31.48209203269227,-1.5800512866145275,1.424999613548225e-4
Gas8,44.32052245100924,-1.3128776508442936,1.5378628862985777e-4
CG32845,68.43856355926187,-1.0261604960193513,1.5652429263884787e-4
CG43163,54.896052035522374,-1.16375612172153,1.5691833634349034e-4
CG7120,55.073894138140744,-1.2316919556781984,1.672410263476586e-4
CG8509,14.734390599751254,-2.50969059487473,1.7666714707905137e-4
CG13021,26.1865183800416,-1.83707394320988,1.76808524767593e-4
CG42514,26.389471305930204,-1.6381497691783178,1.9174335771166985e-4
lectin-46Cb,17.321119609507114,-2.139176069092293,2.2142555388832337e-4
CG2059,38.31087630029161,-1.3880316498376322,2.3101139212612537e-4
CG3323,14.371719232883574,-2.4040761298698445,2.475550891606047e-4
laza,52.326119128946125,-1.2015673869079404,2.594630460788481e-4
Spn47C,5.066688545329079,-5.672664040650353,2.594630460788481e-4
CG31612,46.56300074969391,-1.2194280048918842,2.839838644453531e-4
CG8128,62.839570525629036,-1.0805696356181596,2.895476533064965e-4
pinta,41.35883705551519,-1.244430107926885,2.924374327998713e-4
CHMP2B,60.92560445505842,-1.0929710710609344,2.9626661449753375e-4
Cyp317a1,24.39786744876742,-1.7249806426234595,3.043134469020369e-4
Cyp4ac1,56.3528698354676,-1.105510411514807,3.0931441179387004e-4
CAHbeta,32.39229062196574,-1.4037502015042032,3.4963957979461326e-4
Tim17b1,46.886865204964394,-1.2083953867834987,3.606334093012092e-4
Cyp4ac2,48.89383560945671,-1.1772939252901575,3.7875889314411437e-4
Tsp42Ea,31.322743451601482,-1.4365733577991069,3.8510766160318607e-4
CG12512,10.262411511621265,-3.1149718185813455,3.8636069005919184e-4
CG18281,17.341776481720167,-2.195878427070823,4.1733269043043756e-4
pasi2,58.45972088786049,-1.0130788682197214,0.00045186651533838317
CG31019,20.430338951428602,-1.7643790695133919,5.024218721216512e-4
CG13482,46.625309606534856,-1.5480966464585102,5.263721952052673e-4
Irc,13.551561745673494,-2.270277503174926,5.389998388764582e-4
CG8260,29.77448436834616,-1.4074032809055363,5.659109991662592e-4
CG7912,26.407834768944717,-1.6921891567969325,6.521291625508381e-4
Dhc62B,44.64119758885799,-1.161891002143702,7.267428362422737e-4
Cyp4ac3,52.323495901764176,-1.0536388138877766,7.444362325246482e-4
cold,34.529412429058034,-1.2965935983524377,7.461655299343917e-4
Stacl,37.339910990626585,-1.4030800503893048,7.537826954188867e-4
CG32686,29.54740207870963,-1.4432385772582217,9.31797239454066e-4
CG32246,28.196153951478482,-1.5136772843437363,9.46580830985593e-4
sv,8.773328158366171,-3.1369290505441776,9.537908851920755e-4
CG10407,23.018882926887184,-1.6038502199829616,0.0010395094140419573
Coop,51.23339906838569,-1.0320533666735328,0.0010885872937225816
CG12003,12.393260193723473,-2.3963070906854247,0.0010973516136207205
CG30286,9.359689452293647,-2.9841937419943823,0.0011359371033411992
IFT54,41.289289007335825,-1.2448498120121991,0.0012501915321795846
CG3091,18.861764522352022,-1.7650536943665314,0.001433272376943396
CG12355,26.726206102928735,-1.4048083787077421,0.0014394414302177408
CG30008,32.68004077250768,-1.3252001923240115,0.0016836522437322498
CG32182,17.260458671105493,-1.8347754683542457,0.0018101770229631124
lectin-37Db,27.456555494756955,-1.3726591370927144,0.0018626108639921255
CG17597,41.226985973542504,-1.139588099950073,0.0019470379033010906
CG30357,18.504218551438903,-1.720050491566483,0.001995983596232683
Sytbeta,54.435038146310895,-1.121873712988604,0.002016854892939602
CG14913,14.962159794824435,-1.9551390038704126,0.0020601848486859584
CG31674,32.27663056813624,-1.2176344661315743,0.0020890858164890375
CG9471,47.58049594268145,-1.0443232732656684,0.0021344867264984045
ste24b,17.124147422903782,-1.8495707349019224,0.0024204791916363415
Tret1-2,25.427799485661687,-1.4604078720595863,0.0024245584791716054
CG4496,29.025809243415264,-1.327354994426723,0.0024815347102007455
dgo,13.904532361764847,-1.9188870599023702,0.002495752088302136
CG11619,10.07615538752357,-2.4030199850047413,0.002510279204621711
CG17036,12.265682890367279,-2.0761088966238694,0.0025786782201841856
inaD,16.93340886460573,-1.7909213002051356,0.0025795895897022486
Oaz,5.389488991721984,-4.740276635712301,0.0025998715543781
Kebab,48.46098659685785,-1.0337075139994554,0.0026940989805199493
CG3191,6.405887536610042,-4.102198247668828,0.0028467914709244006
CG5022,19.814674383180762,-1.549193170562741,0.0030871551367313782
CG34161,39.15642000190352,-1.0929729953165555,0.003162594873981843
CG32815,11.43710942592623,-2.1381529305203726,0.0032953811204370787
Pcyt2,9.668759034465802,-2.486465623975057,0.0033916537306188724
t-cup,11.85109177858986,-2.124826358248082,0.0034216765824216294
lectin-37Da,19.784081976789455,-1.574509686115231,0.0034980859416669768
CG15706,30.443309947696143,-1.2393731661462912,0.003501291738534952
CG31883,24.46742854083013,-1.3281775191104424,0.0035069686892762633
CG17145,23.241990348897875,-1.5785307280031682,0.003682256043999867
CG6959,13.889695439131732,-1.831144300682467,0.003714706546379523
tomboy40,17.688293961804355,-1.570854295753742,0.003968426385886283
CG34160,29.16109447369069,-1.2014309655913986,0.0041348971409286015
Act79B,15.672806697446878,-1.706812523693766,0.0042065115056351705
CG42554,43.38785088935953,-1.0467607932506806,0.004528587023339608
CG44249,17.56963812398102,-1.608082310080951,0.004561726654603404
CG9447,8.49177611420496,-2.636779005091482,0.0048370326246029
unc79,20.494883936182934,-1.5641293208753897,0.004968529581449083
CG14949,19.850830021292786,-1.4945883222768401,0.004995855585568211
CG10365,21.5622599096816,-1.465540558108037,0.005073603004153135
CG10337,32.406737283792324,-1.1720115559977153,0.00524772640349029
CG32668,25.793470184870273,-1.3780653217956234,0.005506190452680799
Pkg21D,17.579640236243932,-1.5323950386886096,0.005651424349040681
CG14431,23.80270285692296,-1.2698558618850975,0.006111738678143745
CG32147,38.316306705200766,-1.0451962017219396,0.006189027256410869
CG9123,27.561186731646064,-1.2148782018997792,0.006196950372733497
CG9314,17.160755899186277,-1.548224589083092,0.006307429164894135
ELOVL,27.256843828579107,-1.2463649997283746,0.006322787441530795
CG12914,11.572408413927468,-2.0594416672044935,0.006366360707206641
Prx2540-2,10.72348578874019,-2.4238809094565763,0.006419793091540983
RhoU,22.32539724199795,-1.3330368492506453,0.0064304415450719835
CG8800,2.7653095200603297,-4.789069276185262,0.006534256643827414
CG9902,41.787153912345204,-1.0216694012621914,0.00674056072426652
yellow-d,18.359847397366078,-1.7807436036456183,0.0071703128496504445
CG30060,33.08858796612365,-1.2476451353594769,0.0072501636002655035
ect,22.016914278582977,-1.3340115936647223,0.007348194081864177
ppk27,13.538499829752773,-1.7365612444255307,0.007489056363573323
CG12910,23.431583254822883,-1.277396266991676,0.007633343162996736
CG15406,33.13825933550207,-1.0867719807433776,0.008002423370613616
CG13532,11.729466569952145,-2.1494806684757735,0.008505313376351402
CG13032,23.599607788447575,-1.2916122536907668,0.008627581882186637
CG9485,25.530925205428865,-1.381874970745302,0.008712121577711422
CG32669,26.19415275447855,-1.172514579806782,0.008712121577711422
CG3270,11.106203841482687,-1.9243228806188006,0.008915726579048534
CG10527,27.276440674297863,-1.2109009371766408,0.009192854265418729
gskt,5.529546590718387,-3.2504724227278716,0.009872384092483866
CG5246,67.25594197112892,-2.2094614640744394,0.010133442069552754
CG43110,13.589248289189708,-1.821226288793806,0.010159067331815895
CG34141,15.797270739159737,-1.5278575751370966,0.010287736494656665
CG17764,6.997594060289865,-2.531801548579502,0.010565068610963988
s-cup,12.19018829558007,-1.8739699859922203,0.010809345653864169
CG11997,25.221110559168885,-1.1821707388501541,0.011063227534255734
CG7054,20.33781956869649,-1.300697627189763,0.011219913709137145
CG44245,20.876518504905878,-1.2917732358440799,0.011219913709137145
CG16719,9.054163970405998,-2.2915832417875777,0.011863524818880616
CG32461,14.649736557162583,-1.523094130822106,0.011961039762358688
CG12539,27.11026931203031,-1.1244787496570179,0.0121709226261301
CG13654,43.25217863671956,-1.0164304151330352,0.012397129632612152
Cpr73D,22.669195428722738,-1.2000804776993566,0.01257412937381017
CG42272,30.987044129131768,-1.246633983888108,0.013219715247357192
sa,5.776976484177606,-2.885262487739194,0.013326042550432954
Ugt36A1,28.597642074975592,-1.1161346592052004,0.013398227338255981
RabX4,21.68360298877779,-1.2549611645778758,0.013570328744380647
CG13920,6.006027445263666,-2.8259832620484713,0.013681166131199496
Nepl14,14.864748226425322,-1.514781583147461,0.014208091243871825
GstT2,31.615688133665877,-1.0386265336901417,0.01433992167067823
Ir51b,14.76995836720281,-1.5194380276817119,0.014371863520325339
Ca-alpha1D,18.646889021853696,-1.364638785567273,0.014461278303786084
CG14505,31.712376417709603,-1.0217014869544543,0.014874246655855242
qtc,23.72559001269901,-1.2271485597047052,0.015151162442720705
ppk17,10.575862187923322,-1.846209170112274,0.015341782066111849
Dh44-R2,12.909718055769266,-1.6538299050816898,0.016323105607142813
tap,26.88808964673889,-1.070032813448741,0.01635660292079065
CG31999,17.685586795355846,-1.381642346137802,0.01700964326163831
CG8323,28.543542447842498,-1.0682767702285987,0.01706205036302368
Gpo2,8.802578471039894,-1.9508312178527034,0.01818288105977117
CG13563,13.58589339780976,-1.53159585837137,0.018230321319851705
teq,26.180854902852886,-1.055304183820627,0.019155863217290757
CG15461,5.9557478365104,-2.5072460827661027,0.01979119183738344
Nepl13,24.52997998326721,-1.0843314829851978,0.020019457468255106
Spn27A,25.426607274422413,-1.0615962490386033,0.020251197474845915
Mthfs,14.334061064090887,-1.4731895224809295,0.020323421126939134
Adgf-A2,10.686439788905458,-1.7780446681617434,0.02146779495877251
slgA,11.947433232964231,-1.5859793913934066,0.021800244448878563
CG32266,9.348405368102975,-1.8702057536088539,0.02196697367311979
UQCR-11L,14.641182678443164,-1.4048505012945907,0.02213868775932489
CG1628,16.150365138389564,-1.308464316767807,0.023374580902195796
cu,23.79137907247257,-1.162726661563435,0.023390147928846753
CG31115,6.947880244143142,-2.575301718175429,0.023472845277255367
Mst77F,14.48150838475257,-1.4028926181144596,0.023832661279351446
Idgf6,19.440658925450997,-1.2230897712754947,0.0240763167395158
Lectin-galC1,22.12291652474335,-1.1199031169845877,0.024258169748667274
CG12057,21.139889762315413,-2.5699150011133867,0.025290355953096196
CG8080,18.421886131348682,-1.2035688479981803,0.02538381642184213
Gem4c,4.585765338079196,-2.9554584650695843,0.025759779590957505
Pkd2,5.026346027677608,-2.6596866500871217,0.028898897171413626
CG11275,21.707235937281474,-1.1416547117085527,0.028941245885553118
CG33463,9.730402882998673,-1.8857377861636897,0.02918241229496861
CG10469,12.647112903332445,-1.4410740039443826,0.029751659001955272
CG33109,4.541580938728221,-3.5962964936404545,0.029841174458409014
miple1,14.912693286224048,-1.3257706457992524,0.02989038837776803
Pcp,11.090272467609156,-1.652990594647813,0.02991584335795721
CG1265,17.41889884994306,-1.2044618308611255,0.029972191697473415
unc,6.101385067440604,-2.288908358027295,0.03010568221283505
CG17028,18.119987855449097,-1.2376517645281626,0.030831306077564295
CG6808,11.238608424463173,-1.5570131044074258,0.03159375433095281
CG4984,14.691992502753843,-1.333105961282083,0.0320147673177113
CG6225,11.910441959209143,-1.5459990897142255,0.03205568768940275
CG30466,25.60021456770997,-1.07967449018728,0.032185964332128524
CG34370,6.9807363569059495,-2.14478055142576,0.03269658557542862
CG11630,4.903381809055014,-2.5978214998648896,0.03289592510688133
CG32219,15.033068519911543,-1.394631494495518,0.03303077504432892
CG33710,7.033742387452841,-1.9724451369098446,0.033286075784387206
twe,25.940551778353466,-1.0036912380820955,0.03348691838368009
CCHa1-R,12.768544782148297,-1.4678554211551047,0.033934236189061245
CG7694,16.670420321081554,-1.2293181042804988,0.03406005590279728
CG43091,11.82594240085239,-1.4727928019763814,0.03416605464435661
CG31807,23.336331199917186,-1.0163404841721246,0.03670312080789977
CG8958,6.486059047706925,-2.2699244613429044,0.03773245185781424
Jon99Fii,35.01834198225327,-1.0814818715069408,0.038194998144763084
CG10793,17.011846305140185,-1.177510181053139,0.038381638372114474
CG43902,1.8808189750054904,-4.227389930807209,0.0386678558963519
CG32523,5.890420872819747,-2.1727108539940256,0.04012574505255
CG43095,11.359102747832724,-1.4796974344776817,0.040127156416010584
CG15093,7.855945900099343,-1.7856487895919742,0.041036277283734
CG5078,8.260960120439131,-1.7114022985164339,0.04118470604709307
ND-51L1,18.23967056817734,-1.1761848045093501,0.04158501123456973
CG32681,22.168950376861403,-1.0538715500558014,0.04183711605482919
Tsp42Er,5.196356076519191,-2.3224782828385893,0.042484458660619576
CG13337,4.247943858209999,-2.7738245082652644,0.043032688212912396
TTLL6B,14.338474233707394,-1.2991512240235932,0.04366121619655103
lz,4.830429187994139,-2.6146826009442927,0.04464779122928586
sxe2,17.679316809207478,-1.113106188195698,0.04501340795387785
MFS12,12.575692622078314,-1.437799991675185,0.04510297214648263
CG34256,7.25824222463377,-1.8535549037592516,0.04516483240228252
CG44405,3.7375697598337223,-3.349690274265507,0.04589497357304801
CG18537,20.17296339013327,-1.0571420710824946,0.04604806453363422
CG31683,21.169175324494446,-1.0071535251018224,0.04729457395563778
tilB,7.712176079072842,-1.7410072005105242,0.048699781138233256
CG43169,6.784467085928063,-1.9256321476662515,0.04870874034485434
